uuid,label
1,PMCI
2,PMCI
3,PMCI
4,PMCI
5,PMCI
6,PMCI
7,PMCI
8,PMCI
9,PMCI
10,PMCI
11,PMCI
12,PMCI
13,PMCI
14,PMCI
15,PMCI
16,PMCI
17,PMCI
18,PMCI
19,PMCI
20,PMCI
21,PMCI
22,PMCI
23,PMCI
24,PMCI
25,PMCI
26,PMCI
27,PMCI
28,PMCI
29,PMCI
30,PMCI
31,PMCI
32,PMCI
33,PMCI
34,PMCI
35,PMCI
36,PMCI
37,PMCI
38,PMCI
39,PMCI
40,PMCI
41,PMCI
42,PMCI
43,PMCI
44,PMCI
45,PMCI
46,PMCI
47,PMCI
48,PMCI
49,PMCI
50,PMCI
51,PMCI
52,PMCI
53,PMCI
54,PMCI
55,PMCI
56,PMCI
57,PMCI
58,PMCI
59,PMCI
60,PMCI
61,PMCI
62,PMCI
63,PMCI
64,PMCI
65,PMCI
66,PMCI
67,PMCI
68,PMCI
69,PMCI
70,PMCI
71,PMCI
72,PMCI
73,PMCI
74,PMCI
75,PMCI
76,PMCI
77,PMCI
78,PMCI
79,PMCI
80,PMCI
81,PMCI
82,PMCI
83,PMCI
84,PMCI
85,PMCI
86,PMCI
87,PMCI
88,PMCI
89,PMCI
90,PMCI
91,PMCI
92,PMCI
93,PMCI
94,PMCI
95,PMCI
96,PMCI
97,PMCI
98,PMCI
99,PMCI
100,PMCI
101,PMCI
102,PMCI
103,PMCI
104,PMCI
105,PMCI
106,PMCI
107,PMCI
108,PMCI
109,PMCI
110,PMCI
111,PMCI
112,PMCI
113,PMCI
114,PMCI
115,PMCI
116,PMCI
117,PMCI
118,PMCI
119,PMCI
120,PMCI
121,PMCI
122,PMCI
123,PMCI
124,PMCI
125,PMCI
126,PMCI
127,PMCI
128,PMCI
129,PMCI
130,PMCI
131,PMCI
132,PMCI
133,PMCI
134,PMCI
135,PMCI
136,PMCI
137,PMCI
138,PMCI
139,PMCI
140,PMCI
141,PMCI
142,PMCI
143,PMCI
144,PMCI
145,PMCI
146,PMCI
147,PMCI
148,PMCI
149,PMCI
150,PMCI
151,PMCI
152,PMCI
153,PMCI
154,PMCI
155,PMCI
156,PMCI
157,PMCI
158,PMCI
159,PMCI
160,PMCI
161,PMCI
162,PMCI
163,PMCI
164,PMCI
165,PMCI
166,PMCI
167,PMCI
168,PMCI
169,PMCI
170,PMCI
171,PMCI
172,PMCI
173,PMCI
174,PMCI
175,PMCI
176,PMCI
177,PMCI
178,PMCI
179,PMCI
180,PMCI
181,PMCI
182,PMCI
183,PMCI
184,PMCI
185,PMCI
186,PMCI
187,PMCI
188,PMCI
189,PMCI
190,PMCI
191,PMCI
192,PMCI
193,PMCI
194,PMCI
195,PMCI
196,PMCI
197,PMCI
198,PMCI
199,PMCI
200,PMCI
